ID,First Name,Last Name,Email Address,Phone Number,Birthday
2,Vicente,Trejo,vtrejo@somedomain.com,458968551245,1994-04-18
3,Tomas,Gomez,tgomez@somedomain.com,458968551245,1994-04-18
4,Vicente,Trejo,vtrejo@somedomain.com,458968551245,1994-04-18
5,Miguel,Hernandez,mhernandez@somedomain.com,45886781245,1994-04-18
7,Carmen,Quintal,cquintal@somedomain.com,45886781245,1994-04-18
8,Miguel,Hernandez,mhernandez@somedomain.com,45886781245,1994-04-18
9,Jose,Mendez,jmendez@somedomain.com,458968551245,1994-04-18
10,Theresa,Garcia,tgarcia@somedomain.com,458968551245,1994-04-18
11,Theresa,Garcia,tgarcia@somedomain.com,458968551245,1994-04-18
12,Jose,Mendez,jmendez@somedomain.com,458968551245,1994-04-18
